{
  "minecraft:recipes/redstone/stone_button": {
    "criteria": {
      "has_stone": "2018-01-03 13:14:27 -0600"
    },
    "done": true
  },
  "minecraft:recipes/building_blocks/stonebrick": {
    "criteria": {
      "has_stone": "2018-01-03 13:14:27 -0600"
    },
    "done": true
  },
  "minecraft:recipes/building_blocks/stone_slab": {
    "criteria": {
      "has_stone": "2018-01-03 13:14:27 -0600"
    },
    "done": true
  },
  "minecraft:recipes/redstone/stone_pressure_plate": {
    "criteria": {
      "has_stone": "2018-01-03 13:14:27 -0600"
    },
    "done": true
  },
  "minecraft:adventure/adventuring_time": {
    "criteria": {
      "desert": "2018-01-03 13:13:35 -0600"
    },
    "done": false
  }
}