{"stat.useItem.sburbmod.cardprinter":5,"stat.flyOneCm":416,"stat.walkOneCm":8995,"stat.pickup.sburbmod.cardprinter":8,"stat.jump":12,"stat.playOneMinute":10945,"stat.leaveGame":1,"stat.damageTaken":60,"stat.damageDealt":40,"stat.mineBlock.sburbmod.cardprinter":8,"stat.mineBlock.sburbmod.cruxtruder":2,"stat.timeSinceDeath":10945,"stat.useItem.minecraft.stone_slab2":6,"stat.pickup.sburbmod.cruxtruder":2,"stat.mineBlock.minecraft.tallgrass":3,"stat.pickup.sburbmod.unpunched_card":1,"stat.pickup.sburbmod.dowel_empty":1}