{"stat.flyOneCm":152,"stat.useItem.sburbmod.cardprinter":2,"stat.deaths":1,"stat.walkOneCm":5775,"stat.jump":9,"stat.entityKilledBy.Spider":1,"stat.playOneMinute":7921,"stat.useItem.sburbmod.cruxtruder":4,"stat.sneakTime":13,"stat.damageTaken":20,"stat.useItem.minecraft.diamond_pickaxe":1,"stat.mineBlock.sburbmod.cruxtruder":2,"stat.timeSinceDeath":7723,"stat.sprintOneCm":196,"stat.pickup.sburbmod.cruxtruder":4,"stat.pickup.minecraft.wooden_hoe":1,"stat.mineBlock.minecraft.tallgrass":1,"stat.pickup.sburbmod.dowel_empty":2}