{"stat.flyOneCm":2920,"stat.drop.minecraft.iron_block":1,"stat.walkOneCm":15181,"stat.pickup.minecraft.diamond":1,"stat.drop":8,"stat.jump":22,"stat.playOneMinute":9102,"stat.drop.sburbmod.dowel_empty":5,"stat.sneakTime":26,"stat.drop.minecraft.lapis_block":2,"stat.pickup.minecraft.iron_block":1,"stat.crouchOneCm":21,"stat.timeSinceDeath":9102,"stat.hopperInspected":5,"stat.sprintOneCm":3318,"stat.useItem.minecraft.stone_slab2":5,"stat.pickup.minecraft.lapis_block":1,"stat.pickup.sburbmod.dowel_empty":4}