{"stat.walkOneCm":13359,"stat.pickup.minecraft.diamond_pickaxe":1,"stat.leaveGame":2,"stat.pickup.minecraft.lapis_block":1,"stat.mineBlock.minecraft.lapis_block":1,"stat.jump":4,"stat.crouchOneCm":53,"stat.mineBlock.sburbmod.cruxtruder":3,"stat.useItem.minecraft.stone_slab2":4,"stat.useItem.sburbmod.cardprinter":3,"stat.damageTaken":240,"stat.mineBlock.sburbmod.cardprinter":5,"stat.useItem.minecraft.diamond_pickaxe":4,"stat.useItem.minecraft.wooden_pickaxe":2,"stat.pickup.sburbmod.cruxtruder":2,"stat.flyOneCm":1382,"stat.playOneMinute":5465,"stat.useItem.minecraft.stone_pickaxe":2,"stat.sneakTime":23,"stat.useItem.sburbmod.cruxtruder":6,"stat.damageDealt":84,"stat.timeSinceDeath":5465,"stat.useItem.minecraft.iron_pickaxe":1}